{"usingComponents":{"mp-form-page":"/miniprogram_npm/weui-miniprogram/form-page/form-page","mp-form":"/miniprogram_npm/weui-miniprogram/form/form","mp-cells":"/miniprogram_npm/weui-miniprogram/cells/cells","mp-cell":"/miniprogram_npm/weui-miniprogram/cell/cell","van-button":"../../miniprogram_npm/@vant/weapp/button/index","van-icon":"../../miniprogram_npm/@vant/weapp/icon/index","van-dialog":"../../miniprogram_npm/@vant/weapp/dialog/index","van-cell":"../../miniprogram_npm/@vant/weapp/cell/index","van-cell-group":"../../miniprogram_npm/@vant/weapp/cell-group/index","van-field":"../../miniprogram_npm/@vant/weapp/field/index","van-popup":"../../miniprogram_npm/@vant/weapp/popup/index","van-swipe-cell":"../../miniprogram_npm/@vant/weapp/swipe-cell/index","van-switch":"../../miniprogram_npm/@vant/weapp/switch/index","van-tab":"../../miniprogram_npm/@vant/weapp/tab/index","van-tabs":"../../miniprogram_npm/@vant/weapp/tabs/index","van-row":"../../miniprogram_npm/@vant/weapp/row/index","van-col":"../../miniprogram_npm/@vant/weapp/col/index","van-slider":"../../miniprogram_npm/@vant/weapp/slider/index","van-notify":"../../miniprogram_npm/@vant/weapp/notify/index","van-dropdown-menu":"../../miniprogram_npm/@vant/weapp/dropdown-menu/index","van-dropdown-item":"../../miniprogram_npm/@vant/weapp/dropdown-item/index","van-circle":"../../miniprogram_npm/@vant/weapp/circle/index"},"navigationBarTextStyle":"white","pageOrientation":"auto","navigationBarBackgroundColor":"#121212","navigationBarTitleText":"修改个人信息"}