{"miniprogramRoot":"","__compileDebugInfo__":{"from":"devtools","useNewCompileModule":true,"devtoolsVersion":"1.06.2306281","compileSetting":{"urlCheck":false,"es6":true,"enhance":true,"postcss":true,"preloadBackgroundData":false,"minified":true,"coverView":true,"autoAudits":false,"showShadowRootInWxmlPanel":true,"uglifyFileName":false,"checkInvalidKey":true,"uploadWithSourceMap":true,"babelSetting":{"ignore":[],"disablePlugins":[],"outputPath":""},"condition":false,"localPlugins":false,"ignoreUploadUnusedFiles":true,"compileHotReLoad":false,"lazyloadPlaceholderEnable":false,"bigPackageSizeSupport":false,"skylineRenderEnable":false,"useApiHook":true,"useApiHostProcess":true,"useIsolateContext":true,"packNpmManually":true,"packNpmRelationList":[{"packageJsonPath":"./package.json","miniprogramNpmDistDir":"./"}],"minifyWXSS":true,"disableUseStrict":false,"useStaticServer":false,"useLanDebug":false,"minifyWXML":true,"showES6CompileOption":false,"useCompilerPlugins":false,"ignoreDevUnusedFiles":false,"useMultiFrameRuntime":true},"ciVersion":"1.0.202"}}