{"component":true,"usingComponents":{"van-icon":"../icon/index","van-button":"/./miniprogram_npm/@vant/weapp/button/index","van-cell":"/./miniprogram_npm/@vant/weapp/cell/index","van-cell-group":"/./miniprogram_npm/@vant/weapp/cell-group/index","van-circle":"/./miniprogram_npm/@vant/weapp/circle/index","van-col":"/./miniprogram_npm/@vant/weapp/col/index","van-dialog":"/./miniprogram_npm/@vant/weapp/dialog/index","van-dropdown-item":"/./miniprogram_npm/@vant/weapp/dropdown-item/index","van-dropdown-menu":"/./miniprogram_npm/@vant/weapp/dropdown-menu/index","van-field":"/./miniprogram_npm/@vant/weapp/field/index","van-notify":"/./miniprogram_npm/@vant/weapp/notify/index","van-popup":"/./miniprogram_npm/@vant/weapp/popup/index","van-row":"/./miniprogram_npm/@vant/weapp/row/index","van-slider":"/./miniprogram_npm/@vant/weapp/slider/index","van-swipe-cell":"/./miniprogram_npm/@vant/weapp/swipe-cell/index","van-switch":"/./miniprogram_npm/@vant/weapp/switch/index","van-tab":"/./miniprogram_npm/@vant/weapp/tab/index","van-tabs":"/./miniprogram_npm/@vant/weapp/tabs/index"}}